metric,raw_metric_name,quarter,type,value,ci_lower,ci_upper
RTT waiting list (level),Incomplete RTT pathways - Total waiting (mil) with estimates for missing data,2007-07-01,history,4092262.5,,
RTT waiting list (level),Incomplete RTT pathways - Total waiting (mil) with estimates for missing data,2007-10-01,history,3907706.6666666665,,
RTT waiting list (level),Incomplete RTT pathways - Total waiting (mil) with estimates for missing data,2008-01-01,history,3227740.0,,
RTT waiting list (level),Incomplete RTT pathways - Total waiting (mil) with estimates for missing data,2008-04-01,history,2851851.6666666665,,
RTT waiting list (level),Incomplete RTT pathways - Total waiting (mil) with estimates for missing data,2008-07-01,history,2653344.6666666665,,
RTT waiting list (level),Incomplete RTT pathways - Total waiting (mil) with estimates for missing data,2008-10-01,history,2417778.6666666665,,
RTT waiting list (level),Incomplete RTT pathways - Total waiting (mil) with estimates for missing data,2009-01-01,history,2363827.333333333,,
RTT waiting list (level),Incomplete RTT pathways - Total waiting (mil) with estimates for missing data,2009-04-01,history,2487646.6666666665,,
RTT waiting list (level),Incomplete RTT pathways - Total waiting (mil) with estimates for missing data,2009-07-01,history,2495869.6666666665,,
RTT waiting list (level),Incomplete RTT pathways - Total waiting (mil) with estimates for missing data,2009-10-01,history,2391770.333333333,,
RTT waiting list (level),Incomplete RTT pathways - Total waiting (mil) with estimates for missing data,2010-01-01,history,2357744.0,,
RTT waiting list (level),Incomplete RTT pathways - Total waiting (mil) with estimates for missing data,2010-04-01,history,2592515.6666666665,,
RTT waiting list (level),Incomplete RTT pathways - Total waiting (mil) with estimates for missing data,2010-07-01,history,2664200.333333333,,
RTT waiting list (level),Incomplete RTT pathways - Total waiting (mil) with estimates for missing data,2010-10-01,history,2535837.6666666665,,
RTT waiting list (level),Incomplete RTT pathways - Total waiting (mil) with estimates for missing data,2011-01-01,history,2450653.6666666665,,
RTT waiting list (level),Incomplete RTT pathways - Total waiting (mil) with estimates for missing data,2011-04-01,history,2553792.0,,
RTT waiting list (level),Incomplete RTT pathways - Total waiting (mil) with estimates for missing data,2011-07-01,history,2608097.333333333,,
RTT waiting list (level),Incomplete RTT pathways - Total waiting (mil) with estimates for missing data,2011-10-01,history,2494445.333333333,,
RTT waiting list (level),Incomplete RTT pathways - Total waiting (mil) with estimates for missing data,2012-01-01,history,2414568.6666666665,,
RTT waiting list (level),Incomplete RTT pathways - Total waiting (mil) with estimates for missing data,2012-04-01,history,2580080.0,,
RTT waiting list (level),Incomplete RTT pathways - Total waiting (mil) with estimates for missing data,2012-07-01,history,2682445.0,,
RTT waiting list (level),Incomplete RTT pathways - Total waiting (mil) with estimates for missing data,2012-10-01,history,2657839.0,,
RTT waiting list (level),Incomplete RTT pathways - Total waiting (mil) with estimates for missing data,2013-01-01,history,2635857.333333333,,
RTT waiting list (level),Incomplete RTT pathways - Total waiting (mil) with estimates for missing data,2013-04-01,history,2825128.333333333,,
RTT waiting list (level),Incomplete RTT pathways - Total waiting (mil) with estimates for missing data,2013-07-01,history,2920549.0,,
RTT waiting list (level),Incomplete RTT pathways - Total waiting (mil) with estimates for missing data,2013-10-01,history,2936647.333333333,,
RTT waiting list (level),Incomplete RTT pathways - Total waiting (mil) with estimates for missing data,2014-01-01,history,3009924.0,,
RTT waiting list (level),Incomplete RTT pathways - Total waiting (mil) with estimates for missing data,2014-04-01,history,3179123.0,,
RTT waiting list (level),Incomplete RTT pathways - Total waiting (mil) with estimates for missing data,2014-07-01,history,3233653.333333333,,
RTT waiting list (level),Incomplete RTT pathways - Total waiting (mil) with estimates for missing data,2014-10-01,history,3212571.333333333,,
RTT waiting list (level),Incomplete RTT pathways - Total waiting (mil) with estimates for missing data,2015-01-01,history,3165609.0,,
RTT waiting list (level),Incomplete RTT pathways - Total waiting (mil) with estimates for missing data,2015-04-01,history,3362617.0,,
RTT waiting list (level),Incomplete RTT pathways - Total waiting (mil) with estimates for missing data,2015-07-01,history,3492077.0,,
RTT waiting list (level),Incomplete RTT pathways - Total waiting (mil) with estimates for missing data,2015-10-01,history,3529247.333333333,,
RTT waiting list (level),Incomplete RTT pathways - Total waiting (mil) with estimates for missing data,2016-01-01,history,3593174.333333333,,
RTT waiting list (level),Incomplete RTT pathways - Total waiting (mil) with estimates for missing data,2016-04-01,history,3825198.0,,
RTT waiting list (level),Incomplete RTT pathways - Total waiting (mil) with estimates for missing data,2016-07-01,history,3906068.6666666665,,
RTT waiting list (level),Incomplete RTT pathways - Total waiting (mil) with estimates for missing data,2016-10-01,history,3865288.6666666665,,
RTT waiting list (level),Incomplete RTT pathways - Total waiting (mil) with estimates for missing data,2017-01-01,history,3838985.3333333335,,
RTT waiting list (level),Incomplete RTT pathways - Total waiting (mil) with estimates for missing data,2017-04-01,history,3977267.0,,
RTT waiting list (level),Incomplete RTT pathways - Total waiting (mil) with estimates for missing data,2017-07-01,history,4056080.6666666665,,
RTT waiting list (level),Incomplete RTT pathways - Total waiting (mil) with estimates for missing data,2017-10-01,history,4027469.3333333335,,
RTT waiting list (level),Incomplete RTT pathways - Total waiting (mil) with estimates for missing data,2018-01-01,history,4033691.0,,
RTT waiting list (level),Incomplete RTT pathways - Total waiting (mil) with estimates for missing data,2018-04-01,history,4260600.333333333,,
RTT waiting list (level),Incomplete RTT pathways - Total waiting (mil) with estimates for missing data,2018-07-01,history,4331916.333333333,,
RTT waiting list (level),Incomplete RTT pathways - Total waiting (mil) with estimates for missing data,2018-10-01,history,4310882.0,,
RTT waiting list (level),Incomplete RTT pathways - Total waiting (mil) with estimates for missing data,2019-01-01,history,4306726.666666667,,
RTT waiting list (level),Incomplete RTT pathways - Total waiting (mil) with estimates for missing data,2019-04-01,history,4471556.333333333,,
RTT waiting list (level),Incomplete RTT pathways - Total waiting (mil) with estimates for missing data,2019-07-01,history,4549465.333333333,,
RTT waiting list (level),Incomplete RTT pathways - Total waiting (mil) with estimates for missing data,2019-10-01,history,4574742.0,,
RTT waiting list (level),Incomplete RTT pathways - Total waiting (mil) with estimates for missing data,2020-01-01,history,4508664.333333333,,
RTT waiting list (level),Incomplete RTT pathways - Total waiting (mil) with estimates for missing data,2020-04-01,history,3988607.3333333335,,
RTT waiting list (level),Incomplete RTT pathways - Total waiting (mil) with estimates for missing data,2020-07-01,history,4276199.333333333,,
RTT waiting list (level),Incomplete RTT pathways - Total waiting (mil) with estimates for missing data,2020-10-01,history,4542920.333333333,,
RTT waiting list (level),Incomplete RTT pathways - Total waiting (mil) with estimates for missing data,2021-01-01,history,4791075.333333333,,
RTT waiting list (level),Incomplete RTT pathways - Total waiting (mil) with estimates for missing data,2021-04-01,history,5294209.333333333,,
RTT waiting list (level),Incomplete RTT pathways - Total waiting (mil) with estimates for missing data,2021-07-01,history,5736123.0,,
RTT waiting list (level),Incomplete RTT pathways - Total waiting (mil) with estimates for missing data,2021-10-01,history,6016835.333333333,,
RTT waiting list (level),Incomplete RTT pathways - Total waiting (mil) with estimates for missing data,2022-01-01,history,6234965.333333333,,
RTT waiting list (level),Incomplete RTT pathways - Total waiting (mil) with estimates for missing data,2022-04-01,history,6661777.333333333,,
RTT waiting list (level),Incomplete RTT pathways - Total waiting (mil) with estimates for missing data,2022-07-01,history,7050755.333333333,,
RTT waiting list (level),Incomplete RTT pathways - Total waiting (mil) with estimates for missing data,2022-10-01,history,7200721.0,,
RTT waiting list (level),Incomplete RTT pathways - Total waiting (mil) with estimates for missing data,2023-01-01,history,7254059.0,,
RTT waiting list (level),Incomplete RTT pathways - Total waiting (mil) with estimates for missing data,2023-04-01,history,7488398.333333333,,
RTT waiting list (level),Incomplete RTT pathways - Total waiting (mil) with estimates for missing data,2023-07-01,history,7729554.0,,
RTT waiting list (level),Incomplete RTT pathways - Total waiting (mil) with estimates for missing data,2023-10-01,history,7641764.666666667,,
RTT waiting list (level),Incomplete RTT pathways - Total waiting (mil) with estimates for missing data,2024-01-01,history,7557372.0,,
RTT waiting list (level),Incomplete RTT pathways - Total waiting (mil) with estimates for missing data,2024-04-01,history,7597772.666666667,,
RTT waiting list (level),Incomplete RTT pathways - Total waiting (mil) with estimates for missing data,2024-07-01,history,7612134.666666667,,
RTT waiting list (level),Incomplete RTT pathways - Total waiting (mil) with estimates for missing data,2024-10-01,history,7494774.333333333,,
RTT waiting list (level),Incomplete RTT pathways - Total waiting (mil) with estimates for missing data,2025-01-01,history,7415806.666666667,,
RTT waiting list (level),Incomplete RTT pathways - Total waiting (mil) with estimates for missing data,2025-04-01,history,7370950.333333333,,
RTT waiting list (level),Incomplete RTT pathways - Total waiting (mil) with estimates for missing data,2025-07-01,history,7394013.333333333,,
RTT waiting list (level),Incomplete RTT pathways - Total waiting (mil) with estimates for missing data,2025-10-01,history,7331751.0,,
RTT waiting list (level),Incomplete RTT pathways - Total waiting (mil) with estimates for missing data,2026-01-01,history,7189852.333333333,,
RTT waiting list (level),Incomplete RTT pathways - Total waiting (mil) with estimates for missing data,2026-04-01,history,7218231.0,,
RTT waiting list (level),Incomplete RTT pathways - Total waiting (mil) with estimates for missing data,2026-06-30,forecast,5151285.728074543,4792043.26833951,5537459.318780186
RTT waiting list (level),Incomplete RTT pathways - Total waiting (mil) with estimates for missing data,2026-09-30,forecast,5159836.608129562,4511158.90132802,5901790.294896572
RTT waiting list (level),Incomplete RTT pathways - Total waiting (mil) with estimates for missing data,2026-12-31,forecast,5154534.537552504,4323932.68591892,6144690.083947302
RTT waiting list (level),Incomplete RTT pathways - Total waiting (mil) with estimates for missing data,2027-03-31,forecast,5194214.266160502,4214380.1679882435,6401857.632047528
RTT waiting list (level),Incomplete RTT pathways - Total waiting (mil) with estimates for missing data,2027-06-30,forecast,5265181.920542453,4119671.888950836,6729210.821560637
RTT waiting list (level),Incomplete RTT pathways - Total waiting (mil) with estimates for missing data,2027-09-30,forecast,5297890.277817664,3999991.720830598,7016924.872526157
RTT waiting list (level),Incomplete RTT pathways - Total waiting (mil) with estimates for missing data,2027-12-31,forecast,5319956.854669353,3891594.6360791796,7272581.95731761
RTT waiting list (level),Incomplete RTT pathways - Total waiting (mil) with estimates for missing data,2028-03-31,forecast,5379316.229548373,3823642.837435722,7567925.2293576645
RTT waiting list (level),Incomplete RTT pathways - Total waiting (mil) with estimates for missing data,2028-06-30,forecast,5465158.375340068,3765694.173708921,7931593.668991988
RTT waiting list (level),Incomplete RTT pathways - Total waiting (mil) with estimates for missing data,2028-09-30,forecast,5520617.588934432,3686809.28235683,8266556.8596402565
RTT waiting list (level),Incomplete RTT pathways - Total waiting (mil) with estimates for missing data,2028-12-31,forecast,5568148.536543479,3612211.286477163,8583185.109099321
RTT waiting list (level),Incomplete RTT pathways - Total waiting (mil) with estimates for missing data,2029-03-31,forecast,5647367.624903407,3565340.7397123966,8945221.065569129
RTT waiting list (level),Incomplete RTT pathways - Total waiting (mil) with estimates for missing data,2029-06-30,forecast,5749614.228415065,3526918.8764354354,9373071.775612779
RTT waiting list (level),Incomplete RTT pathways - Total waiting (mil) with estimates for missing data,2029-09-30,forecast,5827777.334143898,3472984.7025297037,9779193.27765046
RTT waiting list (level),Incomplete RTT pathways - Total waiting (mil) with estimates for missing data,2029-12-31,forecast,5900393.865126973,3421285.3981775586,10175896.98368132
RTT waiting list (level),Incomplete RTT pathways - Total waiting (mil) with estimates for missing data,2030-03-31,forecast,6000627.783651686,3389868.791778123,10622102.50888358
RTT waiting list (level),Incomplete RTT pathways - Total waiting (mil) with estimates for missing data,2030-06-30,forecast,6121458.441342236,3365658.239639747,11133707.221886873
RTT waiting list (level),Incomplete RTT pathways - Total waiting (mil) with estimates for missing data,2030-09-30,forecast,6223406.292514325,3330080.6468418413,11630584.958486855
RTT waiting list (level),Incomplete RTT pathways - Total waiting (mil) with estimates for missing data,2030-12-31,forecast,6321987.875082301,3295965.0480113076,12126199.79596047
RTT waiting list (level),Incomplete RTT pathways - Total waiting (mil) with estimates for missing data,2031-03-31,forecast,6445293.007118207,3277239.3288549096,12675852.380339257
RTT waiting list (level),Incomplete RTT pathways - Total waiting (mil) with estimates for missing data,2031-06-30,forecast,6587580.297420037,3264693.9449373335,13292582.6760124
RTT waiting list (level),Incomplete RTT pathways - Total waiting (mil) with estimates for missing data,2031-09-30,forecast,6715430.69507006,3243830.3898005807,13902394.392162273
RTT waiting list (level),Incomplete RTT pathways - Total waiting (mil) with estimates for missing data,2031-12-31,forecast,6842002.7340366915,3224142.7136357403,14519519.007201875
RTT waiting list (level),Incomplete RTT pathways - Total waiting (mil) with estimates for missing data,2032-03-31,forecast,6991351.009920287,3216485.767145217,15196395.222135838
A&E attendances (flow),total_attendances,2010-07-01,history,3508649.0,,
A&E attendances (flow),total_attendances,2010-10-01,history,5190116.571428572,,
A&E attendances (flow),total_attendances,2011-01-01,history,5190601.714285716,,
A&E attendances (flow),total_attendances,2011-04-01,history,5503487.285714287,,
A&E attendances (flow),total_attendances,2011-07-01,history,5404278.285714285,,
A&E attendances (flow),total_attendances,2011-10-01,history,5322399.142857142,,
A&E attendances (flow),total_attendances,2012-01-01,history,5374902.571428571,,
A&E attendances (flow),total_attendances,2012-04-01,history,5586934.999999999,,
A&E attendances (flow),total_attendances,2012-07-01,history,5558156.428571429,,
A&E attendances (flow),total_attendances,2012-10-01,history,5410335.0,,
A&E attendances (flow),total_attendances,2013-01-01,history,5246951.0,,
A&E attendances (flow),total_attendances,2013-04-01,history,5554127.0,,
A&E attendances (flow),total_attendances,2013-07-01,history,5585628.714285715,,
A&E attendances (flow),total_attendances,2013-10-01,history,5344495.0,,
A&E attendances (flow),total_attendances,2014-01-01,history,5358694.142857144,,
A&E attendances (flow),total_attendances,2014-04-01,history,5797972.285714284,,
A&E attendances (flow),total_attendances,2014-07-01,history,5664226.571428571,,
A&E attendances (flow),total_attendances,2014-10-01,history,5624061.285714285,,
A&E attendances (flow),total_attendances,2015-01-01,history,5329880.428571428,,
A&E attendances (flow),total_attendances,2015-04-01,history,5721845.571428573,,
A&E attendances (flow),total_attendances,2015-07-01,history,5678013.0,,
A&E attendances (flow),total_attendances,2015-10-01,history,5664995.0,,
A&E attendances (flow),total_attendances,2016-01-01,history,5865249.42857143,,
A&E attendances (flow),total_attendances,2016-04-01,history,5896923.0,,
A&E attendances (flow),total_attendances,2016-07-01,history,5964399.0,,
A&E attendances (flow),total_attendances,2016-10-01,history,5854254.0,,
A&E attendances (flow),total_attendances,2017-01-01,history,5646725.0,,
A&E attendances (flow),total_attendances,2017-04-01,history,6010607.0,,
A&E attendances (flow),total_attendances,2017-07-01,history,5924568.0,,
A&E attendances (flow),total_attendances,2017-10-01,history,6025062.0,,
A&E attendances (flow),total_attendances,2018-01-01,history,5869883.0,,
A&E attendances (flow),total_attendances,2018-04-01,history,6242769.0,,
A&E attendances (flow),total_attendances,2018-07-01,history,6183445.0,,
A&E attendances (flow),total_attendances,2018-10-01,history,6164857.0,,
A&E attendances (flow),total_attendances,2019-01-01,history,6235911.0,,
A&E attendances (flow),total_attendances,2019-04-01,history,6392158.0,,
A&E attendances (flow),total_attendances,2019-07-01,history,6513830.0,,
A&E attendances (flow),total_attendances,2019-10-01,history,6494927.0,,
A&E attendances (flow),total_attendances,2020-01-01,history,5616201.0,,
A&E attendances (flow),total_attendances,2020-04-01,history,3589014.0,,
A&E attendances (flow),total_attendances,2020-07-01,history,5001169.0,,
A&E attendances (flow),total_attendances,2020-10-01,history,4559197.0,,
A&E attendances (flow),total_attendances,2021-01-01,history,4280179.0,,
A&E attendances (flow),total_attendances,2021-04-01,history,6098906.0,,
A&E attendances (flow),total_attendances,2021-07-01,history,6323299.0,,
A&E attendances (flow),total_attendances,2021-10-01,history,6077399.0,,
A&E attendances (flow),total_attendances,2022-01-01,history,5875363.0,,
A&E attendances (flow),total_attendances,2022-04-01,history,6453540.0,,
A&E attendances (flow),total_attendances,2022-07-01,history,6185823.0,,
A&E attendances (flow),total_attendances,2022-10-01,history,6660911.0,,
A&E attendances (flow),total_attendances,2023-01-01,history,6048568.0,,
A&E attendances (flow),total_attendances,2023-04-01,history,6505685.0,,
A&E attendances (flow),total_attendances,2023-07-01,history,6479694.0,,
A&E attendances (flow),total_attendances,2023-10-01,history,6576822.0,,
A&E attendances (flow),total_attendances,2024-01-01,history,6758868.0,,
A&E attendances (flow),total_attendances,2024-04-01,history,6951025.0,,
A&E attendances (flow),total_attendances,2024-07-01,history,6699840.0,,
A&E attendances (flow),total_attendances,2024-10-01,history,7021468.0,,
A&E attendances (flow),total_attendances,2025-01-01,history,6695265.0,,
A&E attendances (flow),total_attendances,2025-04-01,history,7046531.0,,
A&E attendances (flow),total_attendances,2025-07-01,history,6986025.0,,
A&E attendances (flow),total_attendances,2025-10-01,history,7074451.0,,
A&E attendances (flow),total_attendances,2026-01-01,history,6869018.0,,
A&E attendances (flow),total_attendances,2026-04-01,history,4802727.0,,
A&E attendances (flow),total_attendances,2026-06-30,forecast,5133837.2836515,3979865.616021849,6109443.002367241
A&E attendances (flow),total_attendances,2026-09-30,forecast,5207399.612416077,3900122.2768056677,6545918.239411241
A&E attendances (flow),total_attendances,2026-12-31,forecast,5343007.623474668,3910553.5075427704,6798495.032347696
A&E attendances (flow),total_attendances,2027-03-31,forecast,5442987.454826996,3945774.899792799,6957181.784947829
A&E attendances (flow),total_attendances,2027-06-30,forecast,5516699.668428604,3984739.381407266,7061180.1229236135
A&E attendances (flow),total_attendances,2027-09-30,forecast,5571045.533595164,4020050.4896347113,7131271.331865405
A&E attendances (flow),total_attendances,2027-12-31,forecast,5611113.154907755,4049533.901517843,7179497.974222149
A&E attendances (flow),total_attendances,2028-03-31,forecast,5640653.843472171,4073109.9341629012,7213215.298043519
A&E attendances (flow),total_attendances,2028-06-30,forecast,5662433.331554375,4091480.9104545484,7237085.042432064
A&E attendances (flow),total_attendances,2028-09-30,forecast,5678490.712887533,4105559.8725120155,7254148.931721202
A&E attendances (flow),total_attendances,2028-12-31,forecast,5690329.351808027,4116229.5678781834,7266439.9523271825
A&E attendances (flow),total_attendances,2029-03-31,forecast,5699057.63499331,4124253.225477038,7275344.560932545
A&E attendances (flow),total_attendances,2029-06-30,forecast,5705492.743612983,4130254.2070852295,7281824.296259681
A&E attendances (flow),total_attendances,2029-09-30,forecast,5710237.161509141,4134724.9389601354,7286555.2329632705
A&E attendances (flow),total_attendances,2029-12-31,forecast,5713735.082446261,4138046.2848516097,7290018.008934925
A&E attendances (flow),total_attendances,2030-03-31,forecast,5716313.997531342,4140508.715320398,7292557.313647225
A&E attendances (flow),total_attendances,2030-06-30,forecast,5718215.356405835,4142331.639246558,7294422.023187338
A&E attendances (flow),total_attendances,2030-09-30,forecast,5719617.172848151,4143679.674995349,7295792.772038138
A&E attendances (flow),total_attendances,2030-12-31,forecast,5720650.691225097,4144675.742262781,7296801.185358749
A&E attendances (flow),total_attendances,2031-03-31,forecast,5721412.674180378,4145411.309348481,7297543.463347079
A&E attendances (flow),total_attendances,2031-06-30,forecast,5721974.461988988,4145954.2714693807,7298090.073295798
A&E attendances (flow),total_attendances,2031-09-30,forecast,5722388.651754932,4146354.9349025185,7298492.7195706675
A&E attendances (flow),total_attendances,2031-12-31,forecast,5722694.021788928,4146650.524406864,7298789.3868843615
A&E attendances (flow),total_attendances,2032-03-31,forecast,5722829.119065094,4146868.558314415,7299008.006654735
Workforce FTE (level),FTE: All staff groups - All staff groups,2009-07-01,history,1002298.10222,,
Workforce FTE (level),FTE: All staff groups - All staff groups,2009-10-01,history,1010144.11795,,
Workforce FTE (level),FTE: All staff groups - All staff groups,2010-01-01,history,1015642.02643,,
Workforce FTE (level),FTE: All staff groups - All staff groups,2010-04-01,history,1010568.90484,,
Workforce FTE (level),FTE: All staff groups - All staff groups,2010-07-01,history,1012217.29273,,
Workforce FTE (level),FTE: All staff groups - All staff groups,2010-10-01,history,1010195.55909,,
Workforce FTE (level),FTE: All staff groups - All staff groups,2011-01-01,history,1008281.07643,,
Workforce FTE (level),FTE: All staff groups - All staff groups,2011-04-01,history,995779.83093,,
Workforce FTE (level),FTE: All staff groups - All staff groups,2011-07-01,history,993466.01067,,
Workforce FTE (level),FTE: All staff groups - All staff groups,2011-10-01,history,990592.7961,,
Workforce FTE (level),FTE: All staff groups - All staff groups,2012-01-01,history,984180.98851,,
Workforce FTE (level),FTE: All staff groups - All staff groups,2012-04-01,history,973595.58562,,
Workforce FTE (level),FTE: All staff groups - All staff groups,2012-07-01,history,975876.34787,,
Workforce FTE (level),FTE: All staff groups - All staff groups,2012-10-01,history,979203.92369,,
Workforce FTE (level),FTE: All staff groups - All staff groups,2013-01-01,history,983720.79929,,
Workforce FTE (level),FTE: All staff groups - All staff groups,2013-04-01,history,963470.87441,,
Workforce FTE (level),FTE: All staff groups - All staff groups,2013-07-01,history,973261.14731,,
Workforce FTE (level),FTE: All staff groups - All staff groups,2013-10-01,history,979728.22181,,
Workforce FTE (level),FTE: All staff groups - All staff groups,2014-01-01,history,989318.9378,,
Workforce FTE (level),FTE: All staff groups - All staff groups,2014-04-01,history,986024.28439,,
Workforce FTE (level),FTE: All staff groups - All staff groups,2014-07-01,history,994357.55442,,
Workforce FTE (level),FTE: All staff groups - All staff groups,2014-10-01,history,999079.32928,,
Workforce FTE (level),FTE: All staff groups - All staff groups,2015-01-01,history,1006390.30769,,
Workforce FTE (level),FTE: All staff groups - All staff groups,2015-04-01,history,1004220.10427,,
Workforce FTE (level),FTE: All staff groups - All staff groups,2015-07-01,history,1014217.6842,,
Workforce FTE (level),FTE: All staff groups - All staff groups,2015-10-01,history,1019676.59423,,
Workforce FTE (level),FTE: All staff groups - All staff groups,2016-01-01,history,1027100.39706,,
Workforce FTE (level),FTE: All staff groups - All staff groups,2016-04-01,history,1026601.07067,,
Workforce FTE (level),FTE: All staff groups - All staff groups,2016-07-01,history,1037054.48918,,
Workforce FTE (level),FTE: All staff groups - All staff groups,2016-10-01,history,1039065.02761,,
Workforce FTE (level),FTE: All staff groups - All staff groups,2017-01-01,history,1047678.86963,,
Workforce FTE (level),FTE: All staff groups - All staff groups,2017-04-01,history,1045146.23813,,
Workforce FTE (level),FTE: All staff groups - All staff groups,2017-07-01,history,1052963.08865,,
Workforce FTE (level),FTE: All staff groups - All staff groups,2017-10-01,history,1057900.39668,,
Workforce FTE (level),FTE: All staff groups - All staff groups,2018-01-01,history,1064283.16466,,
Workforce FTE (level),FTE: All staff groups - All staff groups,2018-04-01,history,1061617.05949,,
Workforce FTE (level),FTE: All staff groups - All staff groups,2018-07-01,history,1074209.33451,,
Workforce FTE (level),FTE: All staff groups - All staff groups,2018-10-01,history,1082977.61228,,
Workforce FTE (level),FTE: All staff groups - All staff groups,2019-01-01,history,1093637.93156,,
Workforce FTE (level),FTE: All staff groups - All staff groups,2019-04-01,history,1095188.73462,,
Workforce FTE (level),FTE: All staff groups - All staff groups,2019-07-01,history,1110816.00613,,
Workforce FTE (level),FTE: All staff groups - All staff groups,2019-10-01,history,1121676.97959,,
Workforce FTE (level),FTE: All staff groups - All staff groups,2020-01-01,history,1139421.88515,,
Workforce FTE (level),FTE: All staff groups - All staff groups,2020-04-01,history,1165810.48643,,
Workforce FTE (level),FTE: All staff groups - All staff groups,2020-07-01,history,1161193.17065,,
Workforce FTE (level),FTE: All staff groups - All staff groups,2020-10-01,history,1170770.81703,,
Workforce FTE (level),FTE: All staff groups - All staff groups,2021-01-01,history,1197747.25932,,
Workforce FTE (level),FTE: All staff groups - All staff groups,2021-04-01,history,1195225.27416,,
Workforce FTE (level),FTE: All staff groups - All staff groups,2021-07-01,history,1205361.61771,,
Workforce FTE (level),FTE: All staff groups - All staff groups,2021-10-01,history,1212477.70138,,
Workforce FTE (level),FTE: All staff groups - All staff groups,2022-01-01,history,1226677.40548,,
Workforce FTE (level),FTE: All staff groups - All staff groups,2022-04-01,history,1224738.80287,,
Workforce FTE (level),FTE: All staff groups - All staff groups,2022-07-01,history,1239868.10224,,
Workforce FTE (level),FTE: All staff groups - All staff groups,2022-10-01,history,1256840.94716,,
Workforce FTE (level),FTE: All staff groups - All staff groups,2023-01-01,history,1280349.86365,,
Workforce FTE (level),FTE: All staff groups - All staff groups,2023-04-01,history,1288332.14406,,
Workforce FTE (level),FTE: All staff groups - All staff groups,2023-07-01,history,1308824.93199,,
Workforce FTE (level),FTE: All staff groups - All staff groups,2023-10-01,history,1328644.10912,,
Workforce FTE (level),FTE: All staff groups - All staff groups,2024-01-01,history,1345047.00137,,
Workforce FTE (level),FTE: All staff groups - All staff groups,2024-04-01,history,1344180.09356,,
Workforce FTE (level),FTE: All staff groups - All staff groups,2024-07-01,history,1359357.92105,,
Workforce FTE (level),FTE: All staff groups - All staff groups,2024-10-01,history,1368034.11747,,
Workforce FTE (level),FTE: All staff groups - All staff groups,2025-01-01,history,1378469.90711,,
Workforce FTE (level),FTE: All staff groups - All staff groups,2025-04-01,history,1374557.013,,
Workforce FTE (level),FTE: All staff groups - All staff groups,2025-07-01,history,1377896.59128,,
Workforce FTE (level),FTE: All staff groups - All staff groups,2025-10-01,history,1377447.73896,,
Workforce FTE (level),FTE: All staff groups - All staff groups,2026-01-01,history,1379060.38392,,
Workforce FTE (level),FTE: All staff groups - All staff groups,2026-03-31,forecast,1229470.855725926,1216143.1484678304,1242798.5629840218
Workforce FTE (level),FTE: All staff groups - All staff groups,2026-06-30,forecast,1229242.1346698643,1210335.8901680761,1248148.3791716525
Workforce FTE (level),FTE: All staff groups - All staff groups,2026-09-30,forecast,1228399.0899980383,1203690.1703632143,1253108.0096328624
Workforce FTE (level),FTE: All staff groups - All staff groups,2026-12-31,forecast,1228673.5255486022,1199269.5510137,1258077.5000835045
Workforce FTE (level),FTE: All staff groups - All staff groups,2027-03-31,forecast,1228506.906893151,1191515.9324364222,1265497.8813498798
Workforce FTE (level),FTE: All staff groups - All staff groups,2027-06-30,forecast,1230808.368843851,1187517.1900855922,1274099.5476021096
Workforce FTE (level),FTE: All staff groups - All staff groups,2027-09-30,forecast,1232783.573046295,1183424.9890678483,1282142.1570247419
Workforce FTE (level),FTE: All staff groups - All staff groups,2027-12-31,forecast,1235457.013723443,1180692.28139494,1290221.7460519462
Workforce FTE (level),FTE: All staff groups - All staff groups,2028-03-31,forecast,1237963.1892779197,1176788.6602829467,1299137.718272893
Workforce FTE (level),FTE: All staff groups - All staff groups,2028-06-30,forecast,1241909.758692032,1174926.0310248418,1308893.486359222
Workforce FTE (level),FTE: All staff groups - All staff groups,2028-09-30,forecast,1245763.971634351,1173183.4724360642,1318344.4708326375
Workforce FTE (level),FTE: All staff groups - All staff groups,2028-12-31,forecast,1250089.6446359444,1172310.9516785794,1327868.337593309
Workforce FTE (level),FTE: All staff groups - All staff groups,2029-03-31,forecast,1254412.3088563045,1171087.1466839567,1337737.4710286525
Workforce FTE (level),FTE: All staff groups - All staff groups,2029-06-30,forecast,1259613.0673155796,1171083.6974352761,1348142.4371958834
Workforce FTE (level),FTE: All staff groups - All staff groups,2029-09-30,forecast,1264852.2728895554,1171291.3105082985,1358413.2352708126
Workforce FTE (level),FTE: All staff groups - All staff groups,2029-12-31,forecast,1270438.8533450905,1172101.9494923134,1368775.7571978676
Workforce FTE (level),FTE: All staff groups - All staff groups,2030-03-31,forecast,1276112.9015830995,1172904.620693919,1379321.18247228
Workforce FTE (level),FTE: All staff groups - All staff groups,2030-06-30,forecast,1282357.0672858928,1174495.0430764155,1390219.0914953703
Workforce FTE (level),FTE: All staff groups - All staff groups,2030-09-30,forecast,1288711.4235875271,1176332.6772653756,1401090.1699096789
Workforce FTE (level),FTE: All staff groups - All staff groups,2030-12-31,forecast,1295345.1918014563,1178623.669804762,1412066.7137981507
Workforce FTE (level),FTE: All staff groups - All staff groups,2031-03-31,forecast,1302116.0049593977,1181054.8060000257,1423177.20391877
Workforce FTE (level),FTE: All staff groups - All staff groups,2031-06-30,forecast,1309288.2395948796,1184036.59337193,1434539.885817829
Workforce FTE (level),FTE: All staff groups - All staff groups,2031-09-30,forecast,1316609.9663403363,1187276.5062994175,1445943.4263812548
Workforce FTE (level),FTE: All staff groups - All staff groups,2031-12-31,forecast,1324173.8778848879,1190883.1989030836,1457464.556866692
Bed occupancy (level),total_occupied_beds_overnight,2010-04-01,history,122551.281396,,
Bed occupancy (level),total_occupied_beds_overnight,2010-07-01,history,119298.215581,,
Bed occupancy (level),total_occupied_beds_overnight,2010-10-01,history,121496.947069,,
Bed occupancy (level),total_occupied_beds_overnight,2011-01-01,history,123278.987765,,
Bed occupancy (level),total_occupied_beds_overnight,2011-04-01,history,116452.287424,,
Bed occupancy (level),total_occupied_beds_overnight,2011-07-01,history,116372.291998,,
Bed occupancy (level),total_occupied_beds_overnight,2011-10-01,history,117708.279849,,
Bed occupancy (level),total_occupied_beds_overnight,2012-01-01,history,122104.779217,,
Bed occupancy (level),total_occupied_beds_overnight,2012-04-01,history,118063.637501,,
Bed occupancy (level),total_occupied_beds_overnight,2012-07-01,history,115730.181975,,
Bed occupancy (level),total_occupied_beds_overnight,2012-10-01,history,116974.327951,,
Bed occupancy (level),total_occupied_beds_overnight,2013-01-01,history,121108.42551,,
Bed occupancy (level),total_occupied_beds_overnight,2013-04-01,history,118055.655455,,
Bed occupancy (level),total_occupied_beds_overnight,2013-07-01,history,115145.628835,,
Bed occupancy (level),total_occupied_beds_overnight,2013-10-01,history,116487.794852,,
Bed occupancy (level),total_occupied_beds_overnight,2014-01-01,history,119662.711372,,
Bed occupancy (level),total_occupied_beds_overnight,2014-04-01,history,117510.31881,,
Bed occupancy (level),total_occupied_beds_overnight,2014-07-01,history,116300.428914,,
Bed occupancy (level),total_occupied_beds_overnight,2014-10-01,history,117827.082475,,
Bed occupancy (level),total_occupied_beds_overnight,2015-01-01,history,121201.99053,,
Bed occupancy (level),total_occupied_beds_overnight,2015-04-01,history,114509.432914,,
Bed occupancy (level),total_occupied_beds_overnight,2015-07-01,history,112009.508743,,
Bed occupancy (level),total_occupied_beds_overnight,2015-10-01,history,113668.100038,,
Bed occupancy (level),total_occupied_beds_overnight,2016-01-01,history,117125.152705,,
Bed occupancy (level),total_occupied_beds_overnight,2016-04-01,history,115842.215354,,
Bed occupancy (level),total_occupied_beds_overnight,2016-07-01,history,113798.445676,,
Bed occupancy (level),total_occupied_beds_overnight,2016-10-01,history,114438.397869,,
Bed occupancy (level),total_occupied_beds_overnight,2017-01-01,history,116545.05554,,
Bed occupancy (level),total_occupied_beds_overnight,2017-04-01,history,113618.172484,,
Bed occupancy (level),total_occupied_beds_overnight,2017-07-01,history,111687.779826,,
Bed occupancy (level),total_occupied_beds_overnight,2017-10-01,history,113328.412004,,
Bed occupancy (level),total_occupied_beds_overnight,2018-01-01,history,117143.999957,,
Bed occupancy (level),total_occupied_beds_overnight,2018-04-01,history,112886.98898,,
Bed occupancy (level),total_occupied_beds_overnight,2018-07-01,history,111004.141303,,
Bed occupancy (level),total_occupied_beds_overnight,2018-10-01,history,112208.597871,,
Bed occupancy (level),total_occupied_beds_overnight,2019-01-01,history,115874.36664,,
Bed occupancy (level),total_occupied_beds_overnight,2019-04-01,history,113261.846098,,
Bed occupancy (level),total_occupied_beds_overnight,2019-07-01,history,111938.065227,,
Bed occupancy (level),total_occupied_beds_overnight,2019-10-01,history,114757.18482,,
Bed occupancy (level),total_occupied_beds_overnight,2020-01-01,history,111321.280756,,
Bed occupancy (level),total_occupied_beds_overnight,2020-04-01,history,76641.153785,,
Bed occupancy (level),total_occupied_beds_overnight,2020-07-01,history,93090.619606,,
Bed occupancy (level),total_occupied_beds_overnight,2020-10-01,history,98597.184808,,
Bed occupancy (level),total_occupied_beds_overnight,2021-01-01,history,98927.255525,,
Bed occupancy (level),total_occupied_beds_overnight,2021-04-01,history,103804.065869,,
Bed occupancy (level),total_occupied_beds_overnight,2021-07-01,history,107068.706563,,
Bed occupancy (level),total_occupied_beds_overnight,2021-10-01,history,109451.086996,,
Bed occupancy (level),total_occupied_beds_overnight,2022-01-01,history,111943.57773,,
Bed occupancy (level),total_occupied_beds_overnight,2022-04-01,history,113735.714235,,
Bed occupancy (level),total_occupied_beds_overnight,2022-07-01,history,113513.673946,,
Bed occupancy (level),total_occupied_beds_overnight,2022-10-01,history,116499.858735,,
Bed occupancy (level),total_occupied_beds_overnight,2023-01-01,history,117597.533309,,
Bed occupancy (level),total_occupied_beds_overnight,2023-04-01,history,115238.637294,,
Bed occupancy (level),total_occupied_beds_overnight,2023-07-01,history,113493.076134,,
Bed occupancy (level),total_occupied_beds_overnight,2023-10-01,history,116831.500051,,
Bed occupancy (level),total_occupied_beds_overnight,2024-01-01,history,119634.891405,,
Bed occupancy (level),total_occupied_beds_overnight,2024-04-01,history,117314.868073,,
Bed occupancy (level),total_occupied_beds_overnight,2024-06-30,forecast,100124.6881333222,94426.45353222558,105822.92273441883
Bed occupancy (level),total_occupied_beds_overnight,2024-09-30,forecast,102133.55937842287,91708.7163160979,112558.40244074783
Bed occupancy (level),total_occupied_beds_overnight,2024-12-31,forecast,103591.11632793798,89993.88027868609,117188.35237718989
Bed occupancy (level),total_occupied_beds_overnight,2025-03-31,forecast,102272.423766749,86114.07287675884,118430.77465673914
Bed occupancy (level),total_occupied_beds_overnight,2025-06-30,forecast,101597.74613240841,81896.18238597276,121299.30987884408
Bed occupancy (level),total_occupied_beds_overnight,2025-09-30,forecast,103428.82001166185,80029.41710757007,126828.22291575365
Bed occupancy (level),total_occupied_beds_overnight,2025-12-31,forecast,104854.43574867288,78266.60961562525,131442.2618817205
Bed occupancy (level),total_occupied_beds_overnight,2026-03-31,forecast,104197.0321993362,74764.17741604477,133629.88698262762
Bed occupancy (level),total_occupied_beds_overnight,2026-06-30,forecast,104035.42724743347,71206.35333250489,136864.50116236205
Bed occupancy (level),total_occupied_beds_overnight,2026-09-30,forecast,105773.33680220171,69442.88479455441,141770.83592975
Bed occupancy (level),total_occupied_beds_overnight,2026-12-31,forecast,107215.76113160825,67692.91467480452,141770.83592975
Bed occupancy (level),total_occupied_beds_overnight,2027-03-31,forecast,107097.84929838117,65144.98071725,141770.83592975
Bed occupancy (level),total_occupied_beds_overnight,2027-06-30,forecast,107363.9836153895,65144.98071725,141770.83592975
Bed occupancy (level),total_occupied_beds_overnight,2027-09-30,forecast,109072.54063701445,65144.98071725,141770.83592975
Bed occupancy (level),total_occupied_beds_overnight,2027-12-31,forecast,110568.53003510687,65144.98071725,141770.83592975
Bed occupancy (level),total_occupied_beds_overnight,2028-03-31,forecast,110898.27694712051,65144.98071725,141770.83592975
Bed occupancy (level),total_occupied_beds_overnight,2028-06-30,forecast,111527.81067367972,65144.98071725,141770.83592975
Bed occupancy (level),total_occupied_beds_overnight,2028-09-30,forecast,113255.12810538935,65144.98071725,141770.83592975
Bed occupancy (level),total_occupied_beds_overnight,2028-12-31,forecast,114832.3962943471,65144.98071725,141770.83592975
Bed occupancy (level),total_occupied_beds_overnight,2029-03-31,forecast,115540.5615428783,65144.98071725,141770.83592975
Bed occupancy (level),total_occupied_beds_overnight,2029-06-30,forecast,116484.98358197011,65144.98071725,141770.83592975
Bed occupancy (level),total_occupied_beds_overnight,2029-09-30,forecast,118267.33771780632,65144.98071725,141770.83592975
Bed occupancy (level),total_occupied_beds_overnight,2029-12-31,forecast,119946.78034581314,65144.98071725,141770.83592975
Bed occupancy (level),total_occupied_beds_overnight,2030-03-31,forecast,120981.15790774417,65144.98071725,141770.83592975
RTT % within 18 weeks (performance),Incomplete RTT pathways - % within 18 weeks,2007-07-01,history,0.5818090956669972,,
RTT % within 18 weeks (performance),Incomplete RTT pathways - % within 18 weeks,2007-10-01,history,0.578672740105997,,
RTT % within 18 weeks (performance),Incomplete RTT pathways - % within 18 weeks,2008-01-01,history,0.6408840961901158,,
RTT % within 18 weeks (performance),Incomplete RTT pathways - % within 18 weeks,2008-04-01,history,0.7339109795505004,,
RTT % within 18 weeks (performance),Incomplete RTT pathways - % within 18 weeks,2008-07-01,history,0.8125792942997547,,
RTT % within 18 weeks (performance),Incomplete RTT pathways - % within 18 weeks,2008-10-01,history,0.8528786550684604,,
RTT % within 18 weeks (performance),Incomplete RTT pathways - % within 18 weeks,2009-01-01,history,0.8674906139110545,,
RTT % within 18 weeks (performance),Incomplete RTT pathways - % within 18 weeks,2009-04-01,history,0.8996169865439142,,
RTT % within 18 weeks (performance),Incomplete RTT pathways - % within 18 weeks,2009-07-01,history,0.9026501679095112,,
RTT % within 18 weeks (performance),Incomplete RTT pathways - % within 18 weeks,2009-10-01,history,0.9027373486364616,,
RTT % within 18 weeks (performance),Incomplete RTT pathways - % within 18 weeks,2010-01-01,history,0.9034262002764348,,
RTT % within 18 weeks (performance),Incomplete RTT pathways - % within 18 weeks,2010-04-01,history,0.9152089204425652,,
RTT % within 18 weeks (performance),Incomplete RTT pathways - % within 18 weeks,2010-07-01,history,0.9042870582764206,,
RTT % within 18 weeks (performance),Incomplete RTT pathways - % within 18 weeks,2010-10-01,history,0.896114819411443,,
RTT % within 18 weeks (performance),Incomplete RTT pathways - % within 18 weeks,2011-01-01,history,0.8881924190541715,,
RTT % within 18 weeks (performance),Incomplete RTT pathways - % within 18 weeks,2011-04-01,history,0.909012979643161,,
RTT % within 18 weeks (performance),Incomplete RTT pathways - % within 18 weeks,2011-07-01,history,0.905853948303824,,
RTT % within 18 weeks (performance),Incomplete RTT pathways - % within 18 weeks,2011-10-01,history,0.9118662221821096,,
RTT % within 18 weeks (performance),Incomplete RTT pathways - % within 18 weeks,2012-01-01,history,0.9271385226383728,,
RTT % within 18 weeks (performance),Incomplete RTT pathways - % within 18 weeks,2012-04-01,history,0.9420882559098251,,
RTT % within 18 weeks (performance),Incomplete RTT pathways - % within 18 weeks,2012-07-01,history,0.9431043521013122,,
RTT % within 18 weeks (performance),Incomplete RTT pathways - % within 18 weeks,2012-10-01,history,0.946816054905029,,
RTT % within 18 weeks (performance),Incomplete RTT pathways - % within 18 weeks,2013-01-01,history,0.94302691446756,,
RTT % within 18 weeks (performance),Incomplete RTT pathways - % within 18 weeks,2013-04-01,history,0.946424734656784,,
RTT % within 18 weeks (performance),Incomplete RTT pathways - % within 18 weeks,2013-07-01,history,0.9428577963499226,,
RTT % within 18 weeks (performance),Incomplete RTT pathways - % within 18 weeks,2013-10-01,history,0.9391002997053292,,
RTT % within 18 weeks (performance),Incomplete RTT pathways - % within 18 weeks,2014-01-01,history,0.9354698439793168,,
RTT % within 18 weeks (performance),Incomplete RTT pathways - % within 18 weeks,2014-04-01,history,0.9373893401464948,,
RTT % within 18 weeks (performance),Incomplete RTT pathways - % within 18 weeks,2014-07-01,history,0.9329910654444634,,
RTT % within 18 weeks (performance),Incomplete RTT pathways - % within 18 weeks,2014-10-01,history,0.9311892962560788,,
RTT % within 18 weeks (performance),Incomplete RTT pathways - % within 18 weeks,2015-01-01,history,0.929303583257625,,
RTT % within 18 weeks (performance),Incomplete RTT pathways - % within 18 weeks,2015-04-01,history,0.9334775231185722,,
RTT % within 18 weeks (performance),Incomplete RTT pathways - % within 18 weeks,2015-07-01,history,0.926609877977231,,
RTT % within 18 weeks (performance),Incomplete RTT pathways - % within 18 weeks,2015-10-01,history,0.921907506489004,,
RTT % within 18 weeks (performance),Incomplete RTT pathways - % within 18 weeks,2016-01-01,history,0.9186422338605308,,
RTT % within 18 weeks (performance),Incomplete RTT pathways - % within 18 weeks,2016-04-01,history,0.916493125179565,,
RTT % within 18 weeks (performance),Incomplete RTT pathways - % within 18 weeks,2016-07-01,history,0.9090873027431242,,
RTT % within 18 weeks (performance),Incomplete RTT pathways - % within 18 weeks,2016-10-01,history,0.9020405203529244,,
RTT % within 18 weeks (performance),Incomplete RTT pathways - % within 18 weeks,2017-01-01,history,0.900804020089278,,
RTT % within 18 weeks (performance),Incomplete RTT pathways - % within 18 weeks,2017-04-01,history,0.9018386193512754,,
RTT % within 18 weeks (performance),Incomplete RTT pathways - % within 18 weeks,2017-07-01,history,0.8945409814624572,,
RTT % within 18 weeks (performance),Incomplete RTT pathways - % within 18 weeks,2017-10-01,history,0.8898867026309486,,
RTT % within 18 weeks (performance),Incomplete RTT pathways - % within 18 weeks,2018-01-01,history,0.8778580914430871,,
RTT % within 18 weeks (performance),Incomplete RTT pathways - % within 18 weeks,2018-04-01,history,0.8784092665364404,,
RTT % within 18 weeks (performance),Incomplete RTT pathways - % within 18 weeks,2018-07-01,history,0.8725093341972753,,
RTT % within 18 weeks (performance),Incomplete RTT pathways - % within 18 weeks,2018-10-01,history,0.8699905810528711,,
RTT % within 18 weeks (performance),Incomplete RTT pathways - % within 18 weeks,2019-01-01,history,0.8680602118532136,,
RTT % within 18 weeks (performance),Incomplete RTT pathways - % within 18 weeks,2019-04-01,history,0.8656767019277772,,
RTT % within 18 weeks (performance),Incomplete RTT pathways - % within 18 weeks,2019-07-01,history,0.8519139153606478,,
RTT % within 18 weeks (performance),Incomplete RTT pathways - % within 18 weeks,2019-10-01,history,0.84228644269721,,
RTT % within 18 weeks (performance),Incomplete RTT pathways - % within 18 weeks,2020-01-01,history,0.8210334828144591,,
RTT % within 18 weeks (performance),Incomplete RTT pathways - % within 18 weeks,2020-04-01,history,0.618113354587406,,
RTT % within 18 weeks (performance),Incomplete RTT pathways - % within 18 weeks,2020-07-01,history,0.5366000952552406,,
RTT % within 18 weeks (performance),Incomplete RTT pathways - % within 18 weeks,2020-10-01,history,0.6715194262747293,,
RTT % within 18 weeks (performance),Incomplete RTT pathways - % within 18 weeks,2021-01-01,history,0.6501205449851303,,
RTT % within 18 weeks (performance),Incomplete RTT pathways - % within 18 weeks,2021-04-01,history,0.6693019094595916,,
RTT % within 18 weeks (performance),Incomplete RTT pathways - % within 18 weeks,2021-07-01,history,0.6746362446457924,,
RTT % within 18 weeks (performance),Incomplete RTT pathways - % within 18 weeks,2021-10-01,history,0.6501066882601473,,
RTT % within 18 weeks (performance),Incomplete RTT pathways - % within 18 weeks,2022-01-01,history,0.622613005381576,,
RTT % within 18 weeks (performance),Incomplete RTT pathways - % within 18 weeks,2022-04-01,history,0.6247246186274826,,
RTT % within 18 weeks (performance),Incomplete RTT pathways - % within 18 weeks,2022-07-01,history,0.6041617165140524,,
RTT % within 18 weeks (performance),Incomplete RTT pathways - % within 18 weeks,2022-10-01,history,0.5941373033805367,,
RTT % within 18 weeks (performance),Incomplete RTT pathways - % within 18 weeks,2023-01-01,history,0.5849588400777378,,
RTT % within 18 weeks (performance),Incomplete RTT pathways - % within 18 weeks,2023-04-01,history,0.5899677689813038,,
RTT % within 18 weeks (performance),Incomplete RTT pathways - % within 18 weeks,2023-07-01,history,0.580892376669217,,
RTT % within 18 weeks (performance),Incomplete RTT pathways - % within 18 weeks,2023-10-01,history,0.5766860764121512,,
RTT % within 18 weeks (performance),Incomplete RTT pathways - % within 18 weeks,2024-01-01,history,0.5712323022896998,,
RTT % within 18 weeks (performance),Incomplete RTT pathways - % within 18 weeks,2024-04-01,history,0.5873499594367415,,
RTT % within 18 weeks (performance),Incomplete RTT pathways - % within 18 weeks,2024-07-01,history,0.5853020597326464,,
RTT % within 18 weeks (performance),Incomplete RTT pathways - % within 18 weeks,2024-10-01,history,0.5900901954348851,,
RTT % within 18 weeks (performance),Incomplete RTT pathways - % within 18 weeks,2025-01-01,history,0.5927221351655713,,
RTT % within 18 weeks (performance),Incomplete RTT pathways - % within 18 weeks,2025-04-01,history,0.6072967990790449,,
RTT % within 18 weeks (performance),Incomplete RTT pathways - % within 18 weeks,2025-07-01,history,0.6131319630174897,,
RTT % within 18 weeks (performance),Incomplete RTT pathways - % within 18 weeks,2025-10-01,history,0.6159842002510435,,
RTT % within 18 weeks (performance),Incomplete RTT pathways - % within 18 weeks,2026-01-01,history,0.6308996248799554,,
RTT % within 18 weeks (performance),Incomplete RTT pathways - % within 18 weeks,2026-04-01,history,0.649493296822923,,
RTT % within 18 weeks (performance),Incomplete RTT pathways - % within 18 weeks,2026-06-30,forecast,0.649493296822923,0.5808944149308707,0.7198970885392822
RTT % within 18 weeks (performance),Incomplete RTT pathways - % within 18 weeks,2026-09-30,forecast,0.6496721250093582,0.5530084735356617,0.7495879397587981
RTT % within 18 weeks (performance),Incomplete RTT pathways - % within 18 weeks,2026-12-31,forecast,0.6501872569493878,0.5318208150205422,0.7725805080982246
RTT % within 18 weeks (performance),Incomplete RTT pathways - % within 18 weeks,2027-03-31,forecast,0.6510066637140983,0.5141004428631253,0.7921057900799485
RTT % within 18 weeks (performance),Incomplete RTT pathways - % within 18 weeks,2027-06-30,forecast,0.6520983163745757,0.49859585776237814,0.8094152850050026
RTT % within 18 weeks (performance),Incomplete RTT pathways - % within 18 weeks,2027-09-30,forecast,0.6534301860019064,0.4846652146842227,0.825150837907465
RTT % within 18 weeks (performance),Incomplete RTT pathways - % within 18 weeks,2027-12-31,forecast,0.6549702436671765,0.47192722823752814,0.8396937341784666
RTT % within 18 weeks (performance),Incomplete RTT pathways - % within 18 weeks,2028-03-31,forecast,0.6566864604414723,0.4601334698970144,0.8532924023432873
RTT % within 18 weeks (performance),Incomplete RTT pathways - % within 18 weeks,2028-06-30,forecast,0.65854680739588,0.4491113806196868,0.8661194014449218
RTT % within 18 weeks (performance),Incomplete RTT pathways - % within 18 weeks,2028-09-30,forecast,0.6605192556014859,0.43873532121667935,0.8783003706722363
RTT % within 18 weeks (performance),Incomplete RTT pathways - % within 18 weeks,2028-12-31,forecast,0.6625717761293762,0.42891044424894215,0.8899301574642804
RTT % within 18 weeks (performance),Incomplete RTT pathways - % within 18 weeks,2029-03-31,forecast,0.6646723400506371,0.4195630626910823,0.9010824488464472
RTT % within 18 weeks (performance),Incomplete RTT pathways - % within 18 weeks,2029-06-30,forecast,0.666788918436355,0.41063457712006163,0.9118158442417749
RTT % within 18 weeks (performance),Incomplete RTT pathways - % within 18 weeks,2029-09-30,forecast,0.6688894823576159,0.4020774753489514,0.922177855837192
RTT % within 18 weeks (performance),Incomplete RTT pathways - % within 18 weeks,2029-12-31,forecast,0.6709420028855062,0.39385260052338344,0.932207640487067
RTT % within 18 weeks (performance),Incomplete RTT pathways - % within 18 weeks,2030-03-31,forecast,0.6729144510911121,0.3859272282005554,0.941937922634202
RTT % within 18 weeks (performance),Incomplete RTT pathways - % within 18 weeks,2030-06-30,forecast,0.6747747980455199,0.3782736775641634,0.9513963830949009
RTT % within 18 weeks (performance),Incomplete RTT pathways - % within 18 weeks,2030-09-30,forecast,0.6764910148198157,0.37086828590698107,0.9606066845763902
RTT % within 18 weeks (performance),Incomplete RTT pathways - % within 18 weeks,2030-12-31,forecast,0.6780310724850858,0.36369063658332185,0.9695892437243564
RTT % within 18 weeks (performance),Incomplete RTT pathways - % within 18 weeks,2031-03-31,forecast,0.6793629421124164,0.35672296782336826,0.9783618223086171
RTT % within 18 weeks (performance),Incomplete RTT pathways - % within 18 weeks,2031-06-30,forecast,0.6804545947728938,0.34994971317225276,0.9869399867840395
RTT % within 18 weeks (performance),Incomplete RTT pathways - % within 18 weeks,2031-09-30,forecast,0.6812740015376043,0.3433571394150564,0.9953374703655428
RTT % within 18 weeks (performance),Incomplete RTT pathways - % within 18 weeks,2031-12-31,forecast,0.6817891334776339,0.33693305784446825,1.0
RTT % within 18 weeks (performance),Incomplete RTT pathways - % within 18 weeks,2032-03-31,forecast,0.6819679616640691,0.33066659149136424,1.0
A&E 12-hour decisions to admit (breach flow),number_of_patients_spending_12_hours_from_decision_to_admit_to_admission,2021-01-01,history,5534.0,,
A&E 12-hour decisions to admit (breach flow),number_of_patients_spending_12_hours_from_decision_to_admit_to_admission,2021-04-01,history,2510.0,,
A&E 12-hour decisions to admit (breach flow),number_of_patients_spending_12_hours_from_decision_to_admit_to_admission,2021-07-01,history,10019.0,,
A&E 12-hour decisions to admit (breach flow),number_of_patients_spending_12_hours_from_decision_to_admit_to_admission,2021-10-01,history,30563.0,,
A&E 12-hour decisions to admit (breach flow),number_of_patients_spending_12_hours_from_decision_to_admit_to_admission,2022-01-01,history,55472.0,,
A&E 12-hour decisions to admit (breach flow),number_of_patients_spending_12_hours_from_decision_to_admit_to_admission,2022-04-01,history,65853.0,,
A&E 12-hour decisions to admit (breach flow),number_of_patients_spending_12_hours_from_decision_to_admit_to_admission,2022-07-01,history,90591.0,,
A&E 12-hour decisions to admit (breach flow),number_of_patients_spending_12_hours_from_decision_to_admit_to_admission,2022-10-01,history,136219.0,,
A&E 12-hour decisions to admit (breach flow),number_of_patients_spending_12_hours_from_decision_to_admit_to_admission,2023-01-01,history,117429.0,,
A&E 12-hour decisions to admit (breach flow),number_of_patients_spending_12_hours_from_decision_to_admit_to_admission,2023-04-01,history,84478.0,,
A&E 12-hour decisions to admit (breach flow),number_of_patients_spending_12_hours_from_decision_to_admit_to_admission,2023-07-01,history,83334.0,,
A&E 12-hour decisions to admit (breach flow),number_of_patients_spending_12_hours_from_decision_to_admit_to_admission,2023-10-01,history,129895.0,,
A&E 12-hour decisions to admit (breach flow),number_of_patients_spending_12_hours_from_decision_to_admit_to_admission,2024-01-01,history,141704.0,,
A&E 12-hour decisions to admit (breach flow),number_of_patients_spending_12_hours_from_decision_to_admit_to_admission,2024-04-01,history,122739.0,,
A&E 12-hour decisions to admit (breach flow),number_of_patients_spending_12_hours_from_decision_to_admit_to_admission,2024-07-01,history,104180.0,,
A&E 12-hour decisions to admit (breach flow),number_of_patients_spending_12_hours_from_decision_to_admit_to_admission,2024-10-01,history,149614.0,,
A&E 12-hour decisions to admit (breach flow),number_of_patients_spending_12_hours_from_decision_to_admit_to_admission,2025-01-01,history,155918.0,,
A&E 12-hour decisions to admit (breach flow),number_of_patients_spending_12_hours_from_decision_to_admit_to_admission,2025-04-01,history,126222.0,,
A&E 12-hour decisions to admit (breach flow),number_of_patients_spending_12_hours_from_decision_to_admit_to_admission,2025-07-01,history,116141.0,,
A&E 12-hour decisions to admit (breach flow),number_of_patients_spending_12_hours_from_decision_to_admit_to_admission,2025-10-01,history,155763.0,,
A&E 12-hour decisions to admit (breach flow),number_of_patients_spending_12_hours_from_decision_to_admit_to_admission,2026-01-01,history,172831.0,,
A&E 12-hour decisions to admit (breach flow),number_of_patients_spending_12_hours_from_decision_to_admit_to_admission,2026-04-01,history,97962.0,,
A&E 12-hour decisions to admit (breach flow),number_of_patients_spending_12_hours_from_decision_to_admit_to_admission,2026-06-30,forecast,119465.15576242456,76537.71997471468,162392.59155013444
A&E 12-hour decisions to admit (breach flow),number_of_patients_spending_12_hours_from_decision_to_admit_to_admission,2026-09-30,forecast,148276.91542831517,87568.35353943569,207397.19999999998
A&E 12-hour decisions to admit (breach flow),number_of_patients_spending_12_hours_from_decision_to_admit_to_admission,2026-12-31,forecast,161077.96280003682,86725.46297707282,207397.19999999998
A&E 12-hour decisions to admit (breach flow),number_of_patients_spending_12_hours_from_decision_to_admit_to_admission,2027-03-31,forecast,108892.90081503999,23038.029239620242,194747.77239045972
A&E 12-hour decisions to admit (breach flow),number_of_patients_spending_12_hours_from_decision_to_admit_to_admission,2027-06-30,forecast,104059.11649306359,753.0,207397.19999999998
A&E 12-hour decisions to admit (breach flow),number_of_patients_spending_12_hours_from_decision_to_admit_to_admission,2027-09-30,forecast,123891.5136961596,753.0,207397.19999999998
A&E 12-hour decisions to admit (breach flow),number_of_patients_spending_12_hours_from_decision_to_admit_to_admission,2027-12-31,forecast,132387.8369287522,753.0,207397.19999999998
A&E 12-hour decisions to admit (breach flow),number_of_patients_spending_12_hours_from_decision_to_admit_to_admission,2028-03-31,forecast,94977.80935884535,753.0,207397.19999999998
A&E 12-hour decisions to admit (breach flow),number_of_patients_spending_12_hours_from_decision_to_admit_to_admission,2028-06-30,forecast,90957.05288605428,753.0,207397.19999999998
A&E 12-hour decisions to admit (breach flow),number_of_patients_spending_12_hours_from_decision_to_admit_to_admission,2028-09-30,forecast,104312.8325355565,753.0,207397.19999999998
A&E 12-hour decisions to admit (breach flow),number_of_patients_spending_12_hours_from_decision_to_admit_to_admission,2028-12-31,forecast,109632.22643826042,753.0,207397.19999999998
A&E 12-hour decisions to admit (breach flow),number_of_patients_spending_12_hours_from_decision_to_admit_to_admission,2029-03-31,forecast,82513.10389342863,753.0,207397.19999999998
A&E 12-hour decisions to admit (breach flow),number_of_patients_spending_12_hours_from_decision_to_admit_to_admission,2029-06-30,forecast,78927.88707732125,753.0,207397.19999999998
A&E 12-hour decisions to admit (breach flow),number_of_patients_spending_12_hours_from_decision_to_admit_to_admission,2029-09-30,forecast,87573.6624023259,753.0,207397.19999999998
A&E 12-hour decisions to admit (breach flow),number_of_patients_spending_12_hours_from_decision_to_admit_to_admission,2029-12-31,forecast,90512.2038035808,753.0,207397.19999999998
A&E 12-hour decisions to admit (breach flow),number_of_patients_spending_12_hours_from_decision_to_admit_to_admission,2030-03-31,forecast,70518.77265287955,753.0,207397.19999999998
A&E 12-hour decisions to admit (breach flow),number_of_patients_spending_12_hours_from_decision_to_admit_to_admission,2030-06-30,forecast,67102.63780044465,753.0,207397.19999999998
A&E 12-hour decisions to admit (breach flow),number_of_patients_spending_12_hours_from_decision_to_admit_to_admission,2030-09-30,forecast,72285.40856099298,753.0,207397.19999999998
A&E 12-hour decisions to admit (breach flow),number_of_patients_spending_12_hours_from_decision_to_admit_to_admission,2030-12-31,forecast,73405.02442799724,753.0,207397.19999999998
A&E 12-hour decisions to admit (breach flow),number_of_patients_spending_12_hours_from_decision_to_admit_to_admission,2031-03-31,forecast,58303.0544657089,753.0,207397.19999999998
A&E 12-hour decisions to admit (breach flow),number_of_patients_spending_12_hours_from_decision_to_admit_to_admission,2031-06-30,forecast,54867.91701277959,753.0,207397.19999999998
A&E 12-hour decisions to admit (breach flow),number_of_patients_spending_12_hours_from_decision_to_admit_to_admission,2031-09-30,forecast,57467.90326832308,753.0,207397.19999999998
GP total appointments (flow),total_attended_appointments,2023-10-01,history,51380119.0,,
GP total appointments (flow),total_attended_appointments,2024-01-01,history,83343874.0,,
GP total appointments (flow),total_attended_appointments,2024-04-01,history,79610922.0,,
GP total appointments (flow),total_attended_appointments,2024-07-01,history,79459806.0,,
GP total appointments (flow),total_attended_appointments,2024-10-01,history,87398493.0,,
GP total appointments (flow),total_attended_appointments,2025-01-01,history,84525926.0,,
GP total appointments (flow),total_attended_appointments,2025-04-01,history,79910646.0,,
GP total appointments (flow),total_attended_appointments,2025-07-01,history,82388765.0,,
GP total appointments (flow),total_attended_appointments,2025-10-01,history,89952446.0,,
GP total appointments (flow),total_attended_appointments,2026-01-01,history,87480996.0,,
GP total appointments (flow),total_attended_appointments,2026-04-01,history,27809233.0,,
GP face-to-face appointments (flow),attended_face_to_face,2023-10-01,history,34420894.0,,
GP face-to-face appointments (flow),attended_face_to_face,2024-01-01,history,54831154.0,,
GP face-to-face appointments (flow),attended_face_to_face,2024-04-01,history,51804467.0,,
GP face-to-face appointments (flow),attended_face_to_face,2024-07-01,history,51199847.0,,
GP face-to-face appointments (flow),attended_face_to_face,2024-10-01,history,57811542.0,,
GP face-to-face appointments (flow),attended_face_to_face,2025-01-01,history,53947846.0,,
GP face-to-face appointments (flow),attended_face_to_face,2025-04-01,history,50582247.0,,
GP face-to-face appointments (flow),attended_face_to_face,2025-07-01,history,51771947.0,,
GP face-to-face appointments (flow),attended_face_to_face,2025-10-01,history,57466191.0,,
GP face-to-face appointments (flow),attended_face_to_face,2026-01-01,history,53553026.0,,
GP face-to-face appointments (flow),attended_face_to_face,2026-04-01,history,16943375.0,,
GP telephone appointments (flow),attended_telephone,2023-10-01,history,13864720.0,,
GP telephone appointments (flow),attended_telephone,2024-01-01,history,22706068.0,,
GP telephone appointments (flow),attended_telephone,2024-04-01,history,21428882.0,,
GP telephone appointments (flow),attended_telephone,2024-07-01,history,21258246.0,,
GP telephone appointments (flow),attended_telephone,2024-10-01,history,21556314.0,,
GP telephone appointments (flow),attended_telephone,2025-01-01,history,22058634.0,,
GP telephone appointments (flow),attended_telephone,2025-04-01,history,20729843.0,,
GP telephone appointments (flow),attended_telephone,2025-07-01,history,21307360.0,,
GP telephone appointments (flow),attended_telephone,2025-10-01,history,21506593.0,,
GP telephone appointments (flow),attended_telephone,2026-01-01,history,22081200.0,,
GP telephone appointments (flow),attended_telephone,2026-04-01,history,6916977.0,,
